"file","caption","alt_text","category","png_time","StartTime"
"bio5_weightatsize.png","Weight-at-age for females",NA,"Bio",2026-04-22 20:43:10.40168,"StartTime: Wed Apr 22 20:15:58 2026"
"bio6_maturity.png","Spawning output at age (maturity x fecundity)",NA,"Bio",2026-04-22 20:43:10.40168,"StartTime: Wed Apr 22 20:15:58 2026"
"bio21_natmort.png","Natural mortality at age",NA,"Bio",2026-04-22 20:43:10.40168,"StartTime: Wed Apr 22 20:15:58 2026"
"sel02_multiple_fleets_age1.png","Selectivity at age for multiple fleets.",NA,"Sel",2026-04-22 20:43:10.40168,"StartTime: Wed Apr 22 20:15:58 2026"
"sel02_multiple_fleets_age2.png","Selectivity at age derived from selectivity at length for multiple fleets.",NA,"Sel",2026-04-22 20:43:10.40168,"StartTime: Wed Apr 22 20:15:58 2026"
"sel11_timevary_surf_flt1sex1.png","Time-varying selectivity for Fleet",NA,"Sel",2026-04-22 20:43:10.40168,"StartTime: Wed Apr 22 20:15:58 2026"
"sel12_timevary_contour_flt1sex1.png","Time-varying selectivity for Fleet",NA,"Sel",2026-04-22 20:43:10.40168,"StartTime: Wed Apr 22 20:15:58 2026"
"sel13_age_flt1sex1.png","Ending year selectivity for Fleet",NA,"Sel",2026-04-22 20:43:10.40168,"StartTime: Wed Apr 22 20:15:58 2026"
"sel14_age_flt2sex1.png","Ending year selectivity for BTS",NA,"Sel",2026-04-22 20:43:10.40168,"StartTime: Wed Apr 22 20:15:58 2026"
"sel14_age_flt3sex1.png","Ending year selectivity for COAST",NA,"Sel",2026-04-22 20:43:10.40168,"StartTime: Wed Apr 22 20:15:58 2026"
"sel14_age_flt4sex1.png","Ending year selectivity for Discards",NA,"Sel",2026-04-22 20:43:10.40168,"StartTime: Wed Apr 22 20:15:58 2026"
"ts7_Spawning_output.png","Spawning output",NA,"Timeseries",2026-04-22 20:43:10.40168,"StartTime: Wed Apr 22 20:15:58 2026"
"ts7_Spawning_output_with_95_intervals.png","Spawning output with ~95% asymptotic intervals",NA,"Timeseries",2026-04-22 20:43:10.40168,"StartTime: Wed Apr 22 20:15:58 2026"
"ts7_Spawning_output.png","Spawning output with forecast",NA,"Timeseries",2026-04-22 20:43:10.40168,"StartTime: Wed Apr 22 20:15:58 2026"
"ts7_Spawning_output_with_95_intervals.png","Spawning output with forecast with ~95% asymptotic intervals",NA,"Timeseries",2026-04-22 20:43:10.40168,"StartTime: Wed Apr 22 20:15:58 2026"
"ts9_Relative_spawning_output.png","Relative spawning output: B/B_MSY",NA,"Timeseries",2026-04-22 20:43:10.40168,"StartTime: Wed Apr 22 20:15:58 2026"
"ts9_Relative_spawning_output_intervals.png","Relative spawning output: B/B_MSY with ~95% asymptotic intervals",NA,"Timeseries",2026-04-22 20:43:10.40168,"StartTime: Wed Apr 22 20:15:58 2026"
"ts9_Relative_spawning_output_forecast.png","Relative spawning output: B/B_MSY with forecast",NA,"Timeseries",2026-04-22 20:43:10.40168,"StartTime: Wed Apr 22 20:15:58 2026"
"ts9_Relative_spawning_output_forecast_intervals.png","Relative spawning output: B/B_MSY with forecast with ~95% asymptotic intervals",NA,"Timeseries",2026-04-22 20:43:10.40168,"StartTime: Wed Apr 22 20:15:58 2026"
"ts1_Total_biomass_(t).png","Total biomass (t)",NA,"Timeseries",2026-04-22 20:43:10.40168,"StartTime: Wed Apr 22 20:15:58 2026"
"ts1_Total_biomass_(t)_with_forecast_forecast.png","Total biomass (t) with forecast",NA,"Timeseries",2026-04-22 20:43:10.40168,"StartTime: Wed Apr 22 20:15:58 2026"
"ts4_Summary_biomass_(t).png","Summary biomass (t)",NA,"Timeseries",2026-04-22 20:43:10.40168,"StartTime: Wed Apr 22 20:15:58 2026"
"ts4_Summary_biomass_(t)_with_forecast_forecast.png","Summary biomass (t) with forecast",NA,"Timeseries",2026-04-22 20:43:10.40168,"StartTime: Wed Apr 22 20:15:58 2026"
"ts11_Age-0_recruits_(1000s).png","Age-0 recruits (1,000s)",NA,"Timeseries",2026-04-22 20:43:10.40168,"StartTime: Wed Apr 22 20:15:58 2026"
"ts11_Age-0_recruits_(1000s)_with_95_asymptotic_intervals.png","Age-0 recruits (1,000s) with ~95% asymptotic intervals",NA,"Timeseries",2026-04-22 20:43:10.40168,"StartTime: Wed Apr 22 20:15:58 2026"
"ts11_Age-0_recruits_(1000s)_with_forecast_forecast.png","Age-0 recruits (1,000s) with forecast",NA,"Timeseries",2026-04-22 20:43:10.40168,"StartTime: Wed Apr 22 20:15:58 2026"
"ts11_Age-0_recruits_(1000s)_with_forecast_with_95_asymptotic_intervals_forecast.png","Age-0 recruits (1,000s) with forecast with ~95% asymptotic intervals",NA,"Timeseries",2026-04-22 20:43:10.40168,"StartTime: Wed Apr 22 20:15:58 2026"
"ts_summaryF.png","Summary F (definition of F depends on setting in starter.ss)",NA,"Timeseries",2026-04-22 20:43:10.40168,"StartTime: Wed Apr 22 20:15:58 2026"
"ts_DynamicB0.png","Dynamic B0 plot. The lower line shows the time series of estimated Spawning output in the presence of fishing mortality. The upper line shows the time series that could occur under the same dynamics (including deviations in recruitment), but without fishing. The point at the left represents the unfished equilibrium.",NA,"Timeseries",2026-04-22 20:43:10.40168,"StartTime: Wed Apr 22 20:15:58 2026"
"recdevs1_points.png","Recruitment deviations",NA,"RecDev",2026-04-22 20:43:10.40168,"StartTime: Wed Apr 22 20:15:58 2026"
"recdevs2_withbars.png","Recruitment deviations with 95% intervals",NA,"RecDev",2026-04-22 20:43:10.40168,"StartTime: Wed Apr 22 20:15:58 2026"
"recdevs3_varcheck.png","Recruitment deviations variance check.<br> See later figure of transformed variance values for comparison with bias adjustment settings in the model.",NA,"RecDev",2026-04-22 20:43:10.40168,"StartTime: Wed Apr 22 20:15:58 2026"
"recruit_fit_bias_adjust.png","Points are transformed variances. Red line shows current settings for bias adjustment specified in control file. Blue line shows least squares estimate of alternative bias adjustment relationship for recruitment deviations (which may or may not be an improvement. For more information, see<br> 
<blockquote>Methot, R.D. and Taylor, I.G., 2011. Adjusting for bias due to variability of estimated recruitments in fishery assessment models. <i>Can. J. Fish. Aquat. Sci.</i>, 68:1744-1760.</blockquote><br> 
Estimated alternative inputs to SS control file associated with blue line in figure: 
<pre>1901.5   #_last_early_yr_nobias_adj_in_MPD 
1972.3   #_first_yr_fullbias_adj_in_MPD 
2025.0   #_last_yr_fullbias_adj_in_MPD 
2046.2   #_first_recent_yr_nobias_adj_in_MPD 
0.9608  #_max_bias_adj_in_MPD (1.0 to mimic pre-2009 models) </pre>",NA,"RecDev",2026-04-22 20:43:10.40168,"StartTime: Wed Apr 22 20:15:58 2026"
"SR_curve.png","Stock-recruit curve.  Point colors indicate year, with warmer colors indicating earlier years and cooler colors in showing later years.",NA,"S-R",2026-04-22 20:43:10.40168,"StartTime: Wed Apr 22 20:15:58 2026"
"SR_curve2.png","Stock-recruit curve with labels on first, last, and years with (log) deviations > 0.5. Point colors indicate year, with warmer colors indicating earlier years and cooler colors in showing later years.",NA,"S-R",2026-04-22 20:43:10.40168,"StartTime: Wed Apr 22 20:15:58 2026"
"SR_resids.png","Deviations around the stock-recruit curve. Labels are on first, last, and years with (log) deviations > 0.5. Point colors indicate year, with warmer colors indicating earlier years and cooler colors in showing later years.",NA,"S-R",2026-04-22 20:43:10.40168,"StartTime: Wed Apr 22 20:15:58 2026"
"catch1_landings.png","landings",NA,"Catch",2026-04-22 20:43:10.40168,"StartTime: Wed Apr 22 20:15:58 2026"
"catch2_landings_stacked.png","landings_stacked",NA,"Catch",2026-04-22 20:43:10.40168,"StartTime: Wed Apr 22 20:15:58 2026"
"catch3_observed_and_expected_landings_(if_different).png","observed_and_expected_landings_(if_different)",NA,"Catch",2026-04-22 20:43:10.40168,"StartTime: Wed Apr 22 20:15:58 2026"
"catch4_total_catch_(including_discards).png","total_catch_(including_discards)",NA,"Catch",2026-04-22 20:43:10.40168,"StartTime: Wed Apr 22 20:15:58 2026"
"catch5_total_catch_(including_discards)_stacked.png","total_catch_(including_discards)_stacked",NA,"Catch",2026-04-22 20:43:10.40168,"StartTime: Wed Apr 22 20:15:58 2026"
"catch6_discards.png","discards",NA,"Catch",2026-04-22 20:43:10.40168,"StartTime: Wed Apr 22 20:15:58 2026"
"catch7_discards_stacked_plot_(depends_on_multiple_fleets).png","discards_stacked_plot_(depends_on_multiple_fleets)",NA,"Catch",2026-04-22 20:43:10.40168,"StartTime: Wed Apr 22 20:15:58 2026"
"catch8_discard_fraction.png","discard_fraction",NA,"Catch",2026-04-22 20:43:10.40168,"StartTime: Wed Apr 22 20:15:58 2026"
"catch9_harvest_rate.png","harvest_rate",NA,"Catch",2026-04-22 20:43:10.40168,"StartTime: Wed Apr 22 20:15:58 2026"
"catch16_landings_+_dead_discards.png","_landings_+_dead_discards",NA,"Catch",2026-04-22 20:43:10.40168,"StartTime: Wed Apr 22 20:15:58 2026"
"SPR1_series.png","Timeseries of SPR. Horizontal line is at SPR_at_B35%: 0.401",NA,"SPR",2026-04-22 20:43:10.40168,"StartTime: Wed Apr 22 20:15:58 2026"
"SPR2_minusSPRseries.png","Timeseries of 1-SPR. Horizontal line is at 1 - SPR_at_B35%: 1 - 0.401 = 0.599",NA,"SPR",2026-04-22 20:43:10.40168,"StartTime: Wed Apr 22 20:15:58 2026"
"SPR3_ratiointerval.png","Timeseries of SPR ratio: (1-SPR)/(1-SPR_at_B35%)",NA,"SPR",2026-04-22 20:43:10.40168,"StartTime: Wed Apr 22 20:15:58 2026"
"SPR4_phase.png","Phase plot of biomass ratio vs. SPR ratio.<br> Each point represents the biomass ratio at the start of the year and the relative fishing intensity in that same year. Warmer colors (red) represent early years and colder colors (blue) represent recent years. Lines through the final point show 95% intervals based on the asymptotic uncertainty for each dimension. The shaded ellipse is a 95% region which accounts for the estimated correlation between the two quantities: -0.433. ",NA,"SPR",2026-04-22 20:43:10.40168,"StartTime: Wed Apr 22 20:15:58 2026"
"discard_dataDiscards.png","Total discard for Discards",NA,"Discard",2026-04-22 20:43:10.40168,"StartTime: Wed Apr 22 20:15:58 2026"
"discard_fitDiscards.png","Total discard for Discards",NA,"Discard",2026-04-22 20:43:10.40168,"StartTime: Wed Apr 22 20:15:58 2026"
"discard_log_dataDiscards.png","Total discard for Discards",NA,"Discard",2026-04-22 20:43:10.40168,"StartTime: Wed Apr 22 20:15:58 2026"
"discard_log_fitDiscards.png","Total discard for Discards",NA,"Discard",2026-04-22 20:43:10.40168,"StartTime: Wed Apr 22 20:15:58 2026"
"index1_cpuedata_BTS.png","Index data for BTS. Lines indicate 95% uncertainty interval around index values based on the model assumption of lognormal error. Thicker lines (if present) indicate input uncertainty before addition of estimated additional uncertainty parameter.",NA,"Index",2026-04-22 20:43:10.40168,"StartTime: Wed Apr 22 20:15:58 2026"
"index2_cpuefit_BTS.png","Fit to index data for BTS. Lines indicate 95% uncertainty interval around index values based on the model assumption of lognormal error. Thicker lines (if present) indicate input uncertainty before addition of estimated additional uncertainty parameter.",NA,"Index",2026-04-22 20:43:10.40168,"StartTime: Wed Apr 22 20:15:58 2026"
"index3_obs_vs_exp_BTS.png","Observed vs. expected index values with smoother for BTS",NA,"Index",2026-04-22 20:43:10.40168,"StartTime: Wed Apr 22 20:15:58 2026"
"index4_logcpuedata_BTS.png","Log index data for BTS. Lines indicate 95% uncertainty interval around index values based on the model assumption of lognormal error. Thicker lines (if present) indicate input uncertainty before addition of estimated additional uncertainty parameter.",NA,"Index",2026-04-22 20:43:10.40168,"StartTime: Wed Apr 22 20:15:58 2026"
"index5_logcpuefit_BTS.png","Fit to log index data on log scale for BTS. Lines indicate 95% uncertainty interval around index values based on the model assumption of lognormal error. Thicker lines (if present) indicate input uncertainty before addition of estimated additional uncertainty parameter.",NA,"Index",2026-04-22 20:43:10.40168,"StartTime: Wed Apr 22 20:15:58 2026"
"index6_log_obs_vs_exp_BTS.png","log(observed) vs. log(expected) index values with smoother for BTS",NA,"Index",2026-04-22 20:43:10.40168,"StartTime: Wed Apr 22 20:15:58 2026"
"index10_resids_SE_total_BTS.png","Residuals of fit to index for BTS.<br>Values are (log(Obs) - log(Exp))/SE where SE is the total standard error including any estimated additional uncertainty.",NA,"Index",2026-04-22 20:43:10.40168,"StartTime: Wed Apr 22 20:15:58 2026"
"index12_resids_SE_total_BTS.png","Deviations for fit to index for BTS.<br>Values are log(Obs) - log(Exp) and thus independent of index uncertainty.",NA,"Index",2026-04-22 20:43:10.40168,"StartTime: Wed Apr 22 20:15:58 2026"
"index1_cpuedata_COAST.png","Index data for COAST. Lines indicate 95% uncertainty interval around index values based on the model assumption of lognormal error. Thicker lines (if present) indicate input uncertainty before addition of estimated additional uncertainty parameter.",NA,"Index",2026-04-22 20:43:10.40168,"StartTime: Wed Apr 22 20:15:58 2026"
"index2_cpuefit_COAST.png","Fit to index data for COAST. Lines indicate 95% uncertainty interval around index values based on the model assumption of lognormal error. Thicker lines (if present) indicate input uncertainty before addition of estimated additional uncertainty parameter.",NA,"Index",2026-04-22 20:43:10.40168,"StartTime: Wed Apr 22 20:15:58 2026"
"index3_obs_vs_exp_COAST.png","Observed vs. expected index values with smoother for COAST",NA,"Index",2026-04-22 20:43:10.40168,"StartTime: Wed Apr 22 20:15:58 2026"
"index4_logcpuedata_COAST.png","Log index data for COAST. Lines indicate 95% uncertainty interval around index values based on the model assumption of lognormal error. Thicker lines (if present) indicate input uncertainty before addition of estimated additional uncertainty parameter.",NA,"Index",2026-04-22 20:43:10.40168,"StartTime: Wed Apr 22 20:15:58 2026"
"index5_logcpuefit_COAST.png","Fit to log index data on log scale for COAST. Lines indicate 95% uncertainty interval around index values based on the model assumption of lognormal error. Thicker lines (if present) indicate input uncertainty before addition of estimated additional uncertainty parameter.",NA,"Index",2026-04-22 20:43:10.40168,"StartTime: Wed Apr 22 20:15:58 2026"
"index6_log_obs_vs_exp_COAST.png","log(observed) vs. log(expected) index values with smoother for COAST",NA,"Index",2026-04-22 20:43:10.40168,"StartTime: Wed Apr 22 20:15:58 2026"
"index10_resids_SE_total_COAST.png","Residuals of fit to index for COAST.<br>Values are (log(Obs) - log(Exp))/SE where SE is the total standard error including any estimated additional uncertainty.",NA,"Index",2026-04-22 20:43:10.40168,"StartTime: Wed Apr 22 20:15:58 2026"
"index12_resids_SE_total_COAST.png","Deviations for fit to index for COAST.<br>Values are log(Obs) - log(Exp) and thus independent of index uncertainty.",NA,"Index",2026-04-22 20:43:10.40168,"StartTime: Wed Apr 22 20:15:58 2026"
"index9_standcpueall.png","Standardized indices overlaid. Each index is rescaled to have mean observation = 1.0.",NA,"Index",2026-04-22 20:43:10.40168,"StartTime: Wed Apr 22 20:15:58 2026"
"numbers1_sex1_beg.png","Beginning of year expected numbers at age in (max ~ 10.4 billion)",NA,"Numbers",2026-04-22 20:43:10.40168,"StartTime: Wed Apr 22 20:15:58 2026"
"numbers1_sex1_mid.png","Middle of year expected numbers at age in (max ~ 5.4 billion)",NA,"Numbers",2026-04-22 20:43:10.40168,"StartTime: Wed Apr 22 20:15:58 2026"
"numbers6_len_sex1.png","Beginning of year expected numbers at length in (max ~ 10.4 billion)",NA,"Numbers",2026-04-22 20:43:10.40168,"StartTime: Wed Apr 22 20:15:58 2026"
"numbers6_len_sex1.png","Middle of year expected numbers at length in (max ~ 2.3 billion)",NA,"Numbers",2026-04-22 20:43:10.40168,"StartTime: Wed Apr 22 20:15:58 2026"
"numbers4_equilagecomp.png","Equilibrium age distribution",NA,"Numbers",2026-04-22 20:43:10.40168,"StartTime: Wed Apr 22 20:15:58 2026"
"numbers5_ageerrorSD.png","Ageing imprecision: SD of observed age (yr)",NA,"Numbers",2026-04-22 20:43:10.40168,"StartTime: Wed Apr 22 20:15:58 2026"
"numbers10_ageerror_matrix_1.png","Distribution of observed age at true age 
 for ageing error type 1",NA,"Numbers",2026-04-22 20:43:10.40168,"StartTime: Wed Apr 22 20:15:58 2026"
"comp_agedat__aggregated_across_time.png","Age comp data, aggregated across time by fleet.
 <br> Labels 'retained' and 'discard' indicate discarded or retained sampled for each fleet. Panels without this designation represent the whole catch.
",NA,"CompDat",2026-04-22 20:43:10.40168,"StartTime: Wed Apr 22 20:15:58 2026"
"comp_agedat__multi-fleet_comparison.png","Age comp data,  comparing across fleets",NA,"CompDat",2026-04-22 20:43:10.40168,"StartTime: Wed Apr 22 20:15:58 2026"
"comp_agedat_flt1mkt0_page1.png","Age comp data, whole catch, Fleet (plot 1 of 3).<br>'N input' is the input sample size. 'N adj.' is the sample size after adjustment by the Dirichlet-Multinomial <i>&#920</i> parameter based on the formula N adj. = 1 / (1+<i>&#920</i>) + N * <i>&#920</i> / (1+<i>&#920</i>). <br>For this fleet, <i>&#920</i> = 148.413 and the sample size multiplier is approximately <i>&#920</i> / (1+<i>&#920</i>) = 0.993. For more info, see <a href=https://doi.org/10.1016/j.fishres.2016.06.005>Thorson et al. (2017)</a>.",NA,"CompDat",2026-04-22 20:43:10.40168,"StartTime: Wed Apr 22 20:15:58 2026"
"comp_agedat_flt1mkt0_page2.png","Age comp data, whole catch, Fleet (plot 1 of 3).<br>'N input' is the input sample size. 'N adj.' is the sample size after adjustment by the Dirichlet-Multinomial <i>&#920</i> parameter based on the formula N adj. = 1 / (1+<i>&#920</i>) + N * <i>&#920</i> / (1+<i>&#920</i>). <br>For this fleet, <i>&#920</i> = 148.413 and the sample size multiplier is approximately <i>&#920</i> / (1+<i>&#920</i>) = 0.993. For more info, see <a href=https://doi.org/10.1016/j.fishres.2016.06.005>Thorson et al. (2017)</a>. (plot 2 of 3)",NA,"CompDat",2026-04-22 20:43:10.40168,"StartTime: Wed Apr 22 20:15:58 2026"
"comp_agedat_flt1mkt0_page3.png","Age comp data, whole catch, Fleet (plot 1 of 3).<br>'N input' is the input sample size. 'N adj.' is the sample size after adjustment by the Dirichlet-Multinomial <i>&#920</i> parameter based on the formula N adj. = 1 / (1+<i>&#920</i>) + N * <i>&#920</i> / (1+<i>&#920</i>). <br>For this fleet, <i>&#920</i> = 148.413 and the sample size multiplier is approximately <i>&#920</i> / (1+<i>&#920</i>) = 0.993. For more info, see <a href=https://doi.org/10.1016/j.fishres.2016.06.005>Thorson et al. (2017)</a>. (plot 2 of 3) (plot 3 of 3)",NA,"CompDat",2026-04-22 20:43:10.40168,"StartTime: Wed Apr 22 20:15:58 2026"
"comp_agedat_bubflt1mkt0_page3.png","Age comp data, whole catch, Fleet (max=0.82) (plot 3 of 3)",NA,"CompDat",2026-04-22 20:43:10.40168,"StartTime: Wed Apr 22 20:15:58 2026"
"comp_agedat_data_weighting_timeseries_part0_Fleet.png","Mean age for Fleet with 95% confidence intervals based on current sample sizes.",NA,"CompDat",2026-04-22 20:43:10.40168,"StartTime: Wed Apr 22 20:15:58 2026"
"comp_agedat_data_weighting_TA1-8_Fleet.png","Mean age for Fleet with 95% confidence intervals based on current sample sizes.",NA,"CompDat",2026-04-22 20:43:10.40168,"StartTime: Wed Apr 22 20:15:58 2026"
"comp_agedat_flt2mkt0_page1.png","Age comp data, whole catch, BTS (plot 1 of 2).<br>'N input' is the input sample size. 'N adj.' is the sample size after adjustment by the Dirichlet-Multinomial <i>&#920</i> parameter based on the formula N adj. = 1 / (1+<i>&#920</i>) + N * <i>&#920</i> / (1+<i>&#920</i>). <br>For this fleet, <i>&#920</i> = 31.11 and the sample size multiplier is approximately <i>&#920</i> / (1+<i>&#920</i>) = 0.969. For more info, see <a href=https://doi.org/10.1016/j.fishres.2016.06.005>Thorson et al. (2017)</a>.",NA,"CompDat",2026-04-22 20:43:10.40168,"StartTime: Wed Apr 22 20:15:58 2026"
"comp_agedat_flt2mkt0_page2.png","Age comp data, whole catch, BTS (plot 1 of 2).<br>'N input' is the input sample size. 'N adj.' is the sample size after adjustment by the Dirichlet-Multinomial <i>&#920</i> parameter based on the formula N adj. = 1 / (1+<i>&#920</i>) + N * <i>&#920</i> / (1+<i>&#920</i>). <br>For this fleet, <i>&#920</i> = 31.11 and the sample size multiplier is approximately <i>&#920</i> / (1+<i>&#920</i>) = 0.969. For more info, see <a href=https://doi.org/10.1016/j.fishres.2016.06.005>Thorson et al. (2017)</a>. (plot 2 of 2)",NA,"CompDat",2026-04-22 20:43:10.40168,"StartTime: Wed Apr 22 20:15:58 2026"
"comp_agedat_bubflt2mkt0_page2.png","Age comp data, whole catch, BTS (max=0.76) (plot 2 of 2)",NA,"CompDat",2026-04-22 20:43:10.40168,"StartTime: Wed Apr 22 20:15:58 2026"
"comp_agedat_data_weighting_timeseries_part0_BTS.png","Mean age for BTS with 95% confidence intervals based on current sample sizes.",NA,"CompDat",2026-04-22 20:43:10.40168,"StartTime: Wed Apr 22 20:15:58 2026"
"comp_agedat_data_weighting_TA1-8_BTS.png","Mean age for BTS with 95% confidence intervals based on current sample sizes.",NA,"CompDat",2026-04-22 20:43:10.40168,"StartTime: Wed Apr 22 20:15:58 2026"
"comp_agedat_flt3mkt0_page1.png","Age comp data, whole catch, COAST (plot 1 of 2).<br>'N input' is the input sample size. 'N adj.' is the sample size after adjustment by the Dirichlet-Multinomial <i>&#920</i> parameter based on the formula N adj. = 1 / (1+<i>&#920</i>) + N * <i>&#920</i> / (1+<i>&#920</i>). <br>For this fleet, <i>&#920</i> = 19.393 and the sample size multiplier is approximately <i>&#920</i> / (1+<i>&#920</i>) = 0.951. For more info, see <a href=https://doi.org/10.1016/j.fishres.2016.06.005>Thorson et al. (2017)</a>.",NA,"CompDat",2026-04-22 20:43:10.40168,"StartTime: Wed Apr 22 20:15:58 2026"
"comp_agedat_flt3mkt0_page2.png","Age comp data, whole catch, COAST (plot 1 of 2).<br>'N input' is the input sample size. 'N adj.' is the sample size after adjustment by the Dirichlet-Multinomial <i>&#920</i> parameter based on the formula N adj. = 1 / (1+<i>&#920</i>) + N * <i>&#920</i> / (1+<i>&#920</i>). <br>For this fleet, <i>&#920</i> = 19.393 and the sample size multiplier is approximately <i>&#920</i> / (1+<i>&#920</i>) = 0.951. For more info, see <a href=https://doi.org/10.1016/j.fishres.2016.06.005>Thorson et al. (2017)</a>. (plot 2 of 2)",NA,"CompDat",2026-04-22 20:43:10.40168,"StartTime: Wed Apr 22 20:15:58 2026"
"comp_agedat_bubflt3mkt0_page2.png","Age comp data, whole catch, COAST (max=0.87) (plot 2 of 2)",NA,"CompDat",2026-04-22 20:43:10.40168,"StartTime: Wed Apr 22 20:15:58 2026"
"comp_agedat_data_weighting_timeseries_part0_COAST.png","Mean age for COAST with 95% confidence intervals based on current sample sizes.",NA,"CompDat",2026-04-22 20:43:10.40168,"StartTime: Wed Apr 22 20:15:58 2026"
"comp_agedat_data_weighting_TA1-8_COAST.png","Mean age for COAST with 95% confidence intervals based on current sample sizes.",NA,"CompDat",2026-04-22 20:43:10.40168,"StartTime: Wed Apr 22 20:15:58 2026"
"comp_agedat_flt4mkt0.png","Age comp data, whole catch, Discards.<br>'N input' is the input sample size. 'N adj.' is the sample size after adjustment by the Dirichlet-Multinomial <i>&#920</i> parameter based on the formula N adj. = 1 / (1+<i>&#920</i>) + N * <i>&#920</i> / (1+<i>&#920</i>). <br>For this fleet, <i>&#920</i> = 148.413 and the sample size multiplier is approximately <i>&#920</i> / (1+<i>&#920</i>) = 0.993. For more info, see <a href=https://doi.org/10.1016/j.fishres.2016.06.005>Thorson et al. (2017)</a>.",NA,"CompDat",2026-04-22 20:43:10.40168,"StartTime: Wed Apr 22 20:15:58 2026"
"comp_agedat_bubflt4mkt0.png","Age comp data, whole catch, Discards (max=0.84)",NA,"CompDat",2026-04-22 20:43:10.40168,"StartTime: Wed Apr 22 20:15:58 2026"
"comp_agedat_data_weighting_timeseries_part0_Discards.png","Mean age for Discards with 95% confidence intervals based on current sample sizes.",NA,"CompDat",2026-04-22 20:43:10.40168,"StartTime: Wed Apr 22 20:15:58 2026"
"comp_agedat_data_weighting_TA1-8_Discards.png","Mean age for Discards with 95% confidence intervals based on current sample sizes.",NA,"CompDat",2026-04-22 20:43:10.40168,"StartTime: Wed Apr 22 20:15:58 2026"
"comp_agefit__aggregated_across_time.png","Age comps, aggregated across time by fleet.
 <br> Labels 'retained' and 'discard' indicate discarded or retained sampled for each fleet. Panels without this designation represent the whole catch.
",NA,"AgeComp",2026-04-22 20:43:10.40168,"StartTime: Wed Apr 22 20:15:58 2026"
"comp_agefit__multi-fleet_comparison.png","Pearson residuals,  comparing across fleets <br> 
Closed bubbles are positive residuals (observed > expected) and open bubbles are negative residuals (observed < expected).",NA,"AgeComp",2026-04-22 20:43:10.40168,"StartTime: Wed Apr 22 20:15:58 2026"
"comp_agefit_flt1mkt0_page1.png","Age comps, whole catch, Fleet (plot 1 of 3).<br>'N input' is the input sample size. 'N adj.' is the sample size after adjustment by the Dirichlet-Multinomial <i>&#920</i> parameter based on the formula N adj. = 1 / (1+<i>&#920</i>) + N * <i>&#920</i> / (1+<i>&#920</i>). <br>For this fleet, <i>&#920</i> = 148.413 and the sample size multiplier is approximately <i>&#920</i> / (1+<i>&#920</i>) = 0.993. For more info, see <a href=https://doi.org/10.1016/j.fishres.2016.06.005>Thorson et al. (2017)</a>.",NA,"AgeComp",2026-04-22 20:43:10.40168,"StartTime: Wed Apr 22 20:15:58 2026"
"comp_agefit_flt1mkt0_page2.png","Age comps, whole catch, Fleet (plot 1 of 3).<br>'N input' is the input sample size. 'N adj.' is the sample size after adjustment by the Dirichlet-Multinomial <i>&#920</i> parameter based on the formula N adj. = 1 / (1+<i>&#920</i>) + N * <i>&#920</i> / (1+<i>&#920</i>). <br>For this fleet, <i>&#920</i> = 148.413 and the sample size multiplier is approximately <i>&#920</i> / (1+<i>&#920</i>) = 0.993. For more info, see <a href=https://doi.org/10.1016/j.fishres.2016.06.005>Thorson et al. (2017)</a>. (plot 2 of 3)",NA,"AgeComp",2026-04-22 20:43:10.40168,"StartTime: Wed Apr 22 20:15:58 2026"
"comp_agefit_flt1mkt0_page3.png","Age comps, whole catch, Fleet (plot 1 of 3).<br>'N input' is the input sample size. 'N adj.' is the sample size after adjustment by the Dirichlet-Multinomial <i>&#920</i> parameter based on the formula N adj. = 1 / (1+<i>&#920</i>) + N * <i>&#920</i> / (1+<i>&#920</i>). <br>For this fleet, <i>&#920</i> = 148.413 and the sample size multiplier is approximately <i>&#920</i> / (1+<i>&#920</i>) = 0.993. For more info, see <a href=https://doi.org/10.1016/j.fishres.2016.06.005>Thorson et al. (2017)</a>. (plot 2 of 3) (plot 3 of 3)",NA,"AgeComp",2026-04-22 20:43:10.40168,"StartTime: Wed Apr 22 20:15:58 2026"
"comp_agefit_residsflt1mkt0_page3.png","Pearson residuals, whole catch, Fleet (max=3.8) (plot 3 of 3) <br> 
Closed bubbles are positive residuals (observed > expected) and open bubbles are negative residuals (observed < expected).",NA,"AgeComp",2026-04-22 20:43:10.40168,"StartTime: Wed Apr 22 20:15:58 2026"
"comp_agefit_data_weighting_timeseries_part0_Fleet.png","Mean age for Fleet with 95% confidence intervals based on current sample sizes (including any D-M weighting).",NA,"AgeComp",2026-04-22 20:43:10.40168,"StartTime: Wed Apr 22 20:15:58 2026"
"comp_agefit_data_weighting_TA1-8_Fleet.png","Mean age for Fleet with 95% confidence intervals based on current sample sizes.<br>Francis data weighting method TA1.8: thinner intervals (with capped ends) show result of further adjusting sample sizes based on suggested multiplier (with 95% interval) for age data from Fleet:<br>1.6162 (1.2223-2.345)<br>Current variance adjustment is 1 so adjusted weight would be 1.6162<br><b>Applying the suggested variance adjustment would require up-weighting (e.g. via <code>r4ss::tune_comps(..., allow_up_tuning = TRUE)</code>) which may not be recommended depending on the source of the input sample sizes.</b> <br>For more info, see  <a href=https://doi.org/10.1139/f2011-025> Francis (2011)</a>.",NA,"AgeComp",2026-04-22 20:43:10.40168,"StartTime: Wed Apr 22 20:15:58 2026"
"comp_agefit_flt2mkt0_page1.png","Age comps, whole catch, BTS (plot 1 of 2).<br>'N input' is the input sample size. 'N adj.' is the sample size after adjustment by the Dirichlet-Multinomial <i>&#920</i> parameter based on the formula N adj. = 1 / (1+<i>&#920</i>) + N * <i>&#920</i> / (1+<i>&#920</i>). <br>For this fleet, <i>&#920</i> = 31.11 and the sample size multiplier is approximately <i>&#920</i> / (1+<i>&#920</i>) = 0.969. For more info, see <a href=https://doi.org/10.1016/j.fishres.2016.06.005>Thorson et al. (2017)</a>.",NA,"AgeComp",2026-04-22 20:43:10.40168,"StartTime: Wed Apr 22 20:15:58 2026"
"comp_agefit_flt2mkt0_page2.png","Age comps, whole catch, BTS (plot 1 of 2).<br>'N input' is the input sample size. 'N adj.' is the sample size after adjustment by the Dirichlet-Multinomial <i>&#920</i> parameter based on the formula N adj. = 1 / (1+<i>&#920</i>) + N * <i>&#920</i> / (1+<i>&#920</i>). <br>For this fleet, <i>&#920</i> = 31.11 and the sample size multiplier is approximately <i>&#920</i> / (1+<i>&#920</i>) = 0.969. For more info, see <a href=https://doi.org/10.1016/j.fishres.2016.06.005>Thorson et al. (2017)</a>. (plot 2 of 2)",NA,"AgeComp",2026-04-22 20:43:10.40168,"StartTime: Wed Apr 22 20:15:58 2026"
"comp_agefit_residsflt2mkt0_page2.png","Pearson residuals, whole catch, BTS (max=4.35) (plot 2 of 2) <br> 
Closed bubbles are positive residuals (observed > expected) and open bubbles are negative residuals (observed < expected).",NA,"AgeComp",2026-04-22 20:43:10.40168,"StartTime: Wed Apr 22 20:15:58 2026"
"comp_agefit_data_weighting_timeseries_part0_BTS.png","Mean age for BTS with 95% confidence intervals based on current sample sizes (including any D-M weighting).",NA,"AgeComp",2026-04-22 20:43:10.40168,"StartTime: Wed Apr 22 20:15:58 2026"
"comp_agefit_data_weighting_TA1-8_BTS.png","Mean age for BTS with 95% confidence intervals based on current sample sizes.<br>Francis data weighting method TA1.8: thinner intervals (with capped ends) show result of further adjusting sample sizes based on suggested multiplier (with 95% interval) for age data from BTS:<br>0.267 (0.1909-0.4873)<br>Current variance adjustment is 1 so adjusted weight would be 0.267 <br>For more info, see  <a href=https://doi.org/10.1139/f2011-025> Francis (2011)</a>.",NA,"AgeComp",2026-04-22 20:43:10.40168,"StartTime: Wed Apr 22 20:15:58 2026"
"comp_agefit_flt3mkt0_page1.png","Age comps, whole catch, COAST (plot 1 of 2).<br>'N input' is the input sample size. 'N adj.' is the sample size after adjustment by the Dirichlet-Multinomial <i>&#920</i> parameter based on the formula N adj. = 1 / (1+<i>&#920</i>) + N * <i>&#920</i> / (1+<i>&#920</i>). <br>For this fleet, <i>&#920</i> = 19.393 and the sample size multiplier is approximately <i>&#920</i> / (1+<i>&#920</i>) = 0.951. For more info, see <a href=https://doi.org/10.1016/j.fishres.2016.06.005>Thorson et al. (2017)</a>.",NA,"AgeComp",2026-04-22 20:43:10.40168,"StartTime: Wed Apr 22 20:15:58 2026"
"comp_agefit_flt3mkt0_page2.png","Age comps, whole catch, COAST (plot 1 of 2).<br>'N input' is the input sample size. 'N adj.' is the sample size after adjustment by the Dirichlet-Multinomial <i>&#920</i> parameter based on the formula N adj. = 1 / (1+<i>&#920</i>) + N * <i>&#920</i> / (1+<i>&#920</i>). <br>For this fleet, <i>&#920</i> = 19.393 and the sample size multiplier is approximately <i>&#920</i> / (1+<i>&#920</i>) = 0.951. For more info, see <a href=https://doi.org/10.1016/j.fishres.2016.06.005>Thorson et al. (2017)</a>. (plot 2 of 2)",NA,"AgeComp",2026-04-22 20:43:10.40168,"StartTime: Wed Apr 22 20:15:58 2026"
"comp_agefit_residsflt3mkt0_page2.png","Pearson residuals, whole catch, COAST (max=3.79) (plot 2 of 2) <br> 
Closed bubbles are positive residuals (observed > expected) and open bubbles are negative residuals (observed < expected).",NA,"AgeComp",2026-04-22 20:43:10.40168,"StartTime: Wed Apr 22 20:15:58 2026"
"comp_agefit_data_weighting_timeseries_part0_COAST.png","Mean age for COAST with 95% confidence intervals based on current sample sizes (including any D-M weighting).",NA,"AgeComp",2026-04-22 20:43:10.40168,"StartTime: Wed Apr 22 20:15:58 2026"
"comp_agefit_data_weighting_TA1-8_COAST.png","Mean age for COAST with 95% confidence intervals based on current sample sizes.<br>Francis data weighting method TA1.8: thinner intervals (with capped ends) show result of further adjusting sample sizes based on suggested multiplier (with 95% interval) for age data from COAST:<br>0.6124 (0.3925-1.2361)<br>Current variance adjustment is 1 so adjusted weight would be 0.6124 <br>For more info, see  <a href=https://doi.org/10.1139/f2011-025> Francis (2011)</a>.",NA,"AgeComp",2026-04-22 20:43:10.40168,"StartTime: Wed Apr 22 20:15:58 2026"
"comp_agefit_flt4mkt0.png","Age comps, whole catch, Discards.<br>'N input' is the input sample size. 'N adj.' is the sample size after adjustment by the Dirichlet-Multinomial <i>&#920</i> parameter based on the formula N adj. = 1 / (1+<i>&#920</i>) + N * <i>&#920</i> / (1+<i>&#920</i>). <br>For this fleet, <i>&#920</i> = 148.413 and the sample size multiplier is approximately <i>&#920</i> / (1+<i>&#920</i>) = 0.993. For more info, see <a href=https://doi.org/10.1016/j.fishres.2016.06.005>Thorson et al. (2017)</a>.",NA,"AgeComp",2026-04-22 20:43:10.40168,"StartTime: Wed Apr 22 20:15:58 2026"
"comp_agefit_residsflt4mkt0.png","Pearson residuals, whole catch, Discards (max=8.29) <br> 
Closed bubbles are positive residuals (observed > expected) and open bubbles are negative residuals (observed < expected).",NA,"AgeComp",2026-04-22 20:43:10.40168,"StartTime: Wed Apr 22 20:15:58 2026"
"comp_agefit_data_weighting_timeseries_part0_Discards.png","Mean age for Discards with 95% confidence intervals based on current sample sizes (including any D-M weighting).",NA,"AgeComp",2026-04-22 20:43:10.40168,"StartTime: Wed Apr 22 20:15:58 2026"
"comp_agefit_data_weighting_TA1-8_Discards.png","Mean age for Discards with 95% confidence intervals based on current sample sizes.<br>Francis data weighting method TA1.8: thinner intervals (with capped ends) show result of further adjusting sample sizes based on suggested multiplier (with 95% interval) for age data from Discards:<br>0.2204 (0.1248-0.6197)<br>Current variance adjustment is 1 so adjusted weight would be 0.2204 <br>For more info, see  <a href=https://doi.org/10.1139/f2011-025> Francis (2011)</a>.",NA,"AgeComp",2026-04-22 20:43:10.40168,"StartTime: Wed Apr 22 20:15:58 2026"
"yield1_yield_curve.png","Yield curve",NA,"Yield",2026-04-22 20:43:10.40168,"StartTime: Wed Apr 22 20:15:58 2026"
"yield2_yield_curve_with_refpoints.png","Yield curve with reference points",NA,"Yield",2026-04-22 20:43:10.40168,"StartTime: Wed Apr 22 20:15:58 2026"
"yield3_surplus_production.png","Surplus production vs. total biomass plot. For interpretation, see<br> <blockquote>Walters, Hilborn, and  Christensen, 2008, Surplus production dynamics in declining and recovering fish populations. <i>Can. J. Fish. Aquat. Sci.</i> 65: 2536-2551. <a href='https://doi.org/10.1139/F08-170'>https://doi.org/10.1139/F08-170</a>.</blockquote>",NA,"Yield",2026-04-22 20:43:10.40168,"StartTime: Wed Apr 22 20:15:58 2026"
"yield4_surplus_production.png","Surplus production vs. spawning biomass plot. For interpretation, see<br> <blockquote>Forrest, Kronlund, Cleary, and Grinnell. 2023. An evidence-based approach for selecting a limit reference point for Pacific herring (<i>Clupea pallasii</i>) stocks in British Columbia, Canada. <i>Can. J. Fish. Aquat. Sci.</i> 80: 1071-1083. <a href='https://doi.org/10.1139/cjfas-2022-0168'>https://doi.org/10.1139/cjfas-2022-0168</a>.</blockquote>",NA,"Yield",2026-04-22 20:43:10.40168,"StartTime: Wed Apr 22 20:15:58 2026"
"yield5_YPR_timeseries.png","Time series of yield per recruit (kg)",NA,"Yield",2026-04-22 20:43:10.40168,"StartTime: Wed Apr 22 20:15:58 2026"
"data_plot.png","Data presence by year for each fleet and data type.",NA,"Data",2026-04-22 20:43:10.40168,"StartTime: Wed Apr 22 20:15:58 2026"
"data_plot2.png","Data presence by year for each fleet, where circle area is <br>  relative within a data type. Circles are proportional to <br>  total catch for catches; to precision for indices, discards, and <br>  mean body weight observations; and to total sample size for <br> compositions and mean weight- or length-at-age observations. <br> Observations excluded from the likelihood have <br> equal size for all years. <br> Note that since the circles are are scaled relative <br>  to maximum within each type, the scaling within separate plots <br>  should not be compared.",NA,"Data",2026-04-22 20:43:10.40168,"StartTime: Wed Apr 22 20:15:58 2026"
"parameter_distributions_page1.png","Parameter distribution plots (plot 1 of 2). <br>Deviation parameters are not included. <br>F parameters are not included. <br>Plotting range is scaled to fit parameter estimates. Use fitrange = FALSE to use parameter bounds instead.",NA,"Pars",2026-04-22 20:43:10.40168,"StartTime: Wed Apr 22 20:15:58 2026"
"parameter_distributions_page2.png","Parameter distribution plots (plot 2 of 2).",NA,"Pars",2026-04-22 20:43:10.40168,"StartTime: Wed Apr 22 20:15:58 2026"
"parameterchecks.html","<b>Estimated parameters (excluding deviation parameters)</b><br> Any parameter with a gradient value with an absolute value above 0.001 or a parameter on bounds is colored in red.",NA,"DiagnosticTables",2026-04-22 20:43:10.40168,"StartTime: Wed Apr 22 20:15:58 2026"
"correlationcheck.html","<b>Highly correlated parameter pairs</b><br> Pairs of parameters with the  50  highest correlations, sorted by absolute value of the correlation. Correlations above 0.95 (in absolute value) are colored in red. These parameters may be confounded or may cause convergence issues.",NA,"DiagnosticTables",2026-04-22 20:43:10.40168,"StartTime: Wed Apr 22 20:15:58 2026"
"lowcorrelationcheck.html","<b>Parameters with low correlations</b><br> Estimated parameters that are the least correlated with all other parameters. The correlation value represents the maximum correlation between the parameter in question and all other estimated parameters. Uncorrelated parameters may not be playing a significant role in the model. Maximum correlations below 0.01 are colored in red.",NA,"DiagnosticTables",2026-04-22 20:43:10.40168,"StartTime: Wed Apr 22 20:15:58 2026"
